{"cameraMode":{"drawMode":0,"name":"Shaded","section":"Shading Mode"},"sceneLighting":true,"audioPlay":false,"sceneViewState":{"m_AlwaysRefresh":false,"showFog":true,"showSkybox":true,"showFlares":true,"showImageEffects":true,"showParticleSystems":true,"showVisualEffectGraphs":true,"m_FxEnabled":true},"in2DMode":false,"pivot":{"x":-0.8213346004486084,"y":-0.2003936767578125,"z":-3.012157440185547},"rotation":{"x":-0.30315524339675906,"y":-0.08617079257965088,"z":0.027539517730474473,"w":-0.9486470222473145},"size":7.979616641998291,"orthographic":false}